,SkewIndex_180d_woe,Fund_industry_binned_Beverages: Alcoholic,Fund_industry_binned_Miscellaneous Commercial Services,Fund_industry_binned_Cable/Satellite TV,Days_Since_Veer_woe,Fund_industry_binned_Data Processing Services,Fund_industry_binned_Finance/Rental/Leasing,Fund_industry_binned_Semiconductors,Fund_industry_binned_Computer Processing Hardware,Volume_Change_Forecast_5d_woe,SkewIndex_7d_woe,Fund_industry_binned_Home Improvement Chains,Slope_MA_7_woe,Fund_industry_binned_Investment Managers,SkewIndex_5d_woe,Fund_industry_binned_Motor Vehicles,Fund_industry_binned_Electric Utilities,Volume_Change_Forecast_10d_woe,Fund_industry_binned_Other Metals/Minerals,Fund_industry_binned_Specialty Telecommunications,Fund_industry_binned_Telecommunications Equipment,Fund_count_woe,Slope_Change_3w_woe,Fund_industry_binned_Industrial Specialties,sector_volume_prop_Health Technology_woe,Fund_industry_binned_Air Freight/Couriers,Fund_industry_binned_Managed Health Care,Price Change_woe,Fund_industry_binned_Food: Specialty/Candy,Fund_industry_binned_Integrated Oil,Fund_industry_binned_Trucks/Construction/Farm Machinery,Fund_industry_binned_Contract Drilling,Volume_Change_Forecast_5d_industry_woe,MA_30_woe,Slope_Change_25w_woe,Fund_industry_binned_Wireless Telecommunications,Fund_industry_binned_Internet Software/Services,Fund_industry_binned_Department Stores,Fund_industry_binned_Other,Price_Change_Forecast_10d_woe,Volume_Change_Forecast_10d_industry_woe,sector_volume_prop_Industrial Services_woe,sector_volume_prop_Miscellaneous_woe,sector_volume_prop_Consumer Durables_woe,Fund_industry_binned_Pharmaceuticals: Major,Fund_industry_binned_Medical Specialties,Fund_industry_binned_Real Estate Investment Trusts,Fund_industry_binned_Internet Retail,Fund_industry_binned_Investment Banks/Brokers,SkewAvg_7d_woe,Slope_7w_woe,SkewIndex_120d_woe,ExpLow_woe,sector_volume_prop_Health Services_woe,SkewIndex_15d_woe,Volume_Change_Forecast_15d_woe,Fund_industry_binned_Hotels/Resorts/Cruise lines,Fund_industry_binned_Regional Banks,sector_volume_prop_Finance_woe,Fund_industry_binned_Oil Refining/Marketing,Fund_industry_binned_Packaged Software,Fund_industry_binned_Oil & Gas Pipelines,MA_7_woe,Fund_industry_binned_Oil & Gas Production,Sector_Market_Cap_woe,Slope_25w_woe,SkewIndex_60d_woe,SkewAvg_15d_woe,sector_volume_prop_Transportation_woe,sector_volume_prop_Utilities_woe,Spike_Strength_woe,sector_volume_prop_Producer Manufacturing_woe,SkewIndex_3d_woe,Fund_industry_binned_Property/Casualty Insurance,Fund_industry_binned_Insurance Brokers/Services,sector_volume_prop_Non-Energy Minerals_woe,SkewAvg_3d_woe,Close Price_woe,Slope_Change_15w_woe,Fund_industry_binned_Railroads,Fund_industry_binned_Movies/Entertainment,Fund_industry_woe,Fund_Total_Market_Cap_Trillion_woe,sector_volume_prop_Consumer Services_woe,MA_14_woe,sector_volume_prop_Technology Services_woe,Fund_industry_binned_Restaurants,sector_volume_prop_Energy Minerals_woe,SkewAvg_180d_woe,Slope_Change_7w_woe,sector_volume_prop_Unknown_woe,sector_volume_prop_Electronic Technology_woe,sector_volume_prop_Distribution Services_woe,Fund_industry_binned_Specialty Stores,SkewAvg_1d_woe,Fund_industry_binned_Tobacco,Fund_industry_binned_Beverages: Non-Alcoholic,Slope_15w_woe,SkewAvg_120d_woe,Slope_MA_14_woe,Fund_Age_group_binned_Other,StdDev_30_woe,Price_Change_Forecast_5d_industry_woe,Fund_industry_binned_Environmental Services,SkewIndex_30d_woe,Fund_industry_binned_Major Banks,Fund_industry_binned_Apparel/Footwear Retail,sector_volume_prop_Consumer Non-Durables_woe,ExpHigh_woe,Volume_Change_woe,Slope_3w_woe,Price_Change_Forecast_5d_woe,Fund_market_cap_grp_binned_Other,Fund_industry_binned_Apparel/Footwear,Market_Cap_woe,Slope_MA_30_woe,Deviation_from_MA_woe,Fund_industry_binned_Financial Publishing/Services,Fund_Rating_woe,Price Range_woe,SkewAvg_30d_woe,Skew_woe,Price_Change_Forecast_15d_woe,SkewAvg_5d_woe,Fund_industry_binned_Chemicals: Specialty,Industry_Market_Cap_woe,SkewAvg_60d_woe,Fund_market_cap_grp_woe,Fund_industry_binned_Electronic Equipment/Instruments,Fund_industry_binned_Household/Personal Care,Fund_industry_binned_Information Technology Services,Fund_industry_binned_Drugstore Chains,Fund_industry_binned_Multi-Line Insurance,Fund_Age_group_woe,sector_volume_prop_Commercial Services_woe,sector_volume_prop_Communications_woe,Avg_Volume_woe,sector_volume_prop_Process Industries_woe,Fund_industry_binned_Other Transportation,sector_volume_prop_Retail Trade_woe,Fund_industry_binned_Industrial Machinery,Fund_industry_binned_Auto Parts: OEM
MSFT,3.1128033896200635e-08,0.0,0.0,0.0,0.0,0.0,0.0,0.0,0.0,2.0840837031826206e-07,3.599692177617803e-08,0.0,3.2022984817090296e-07,0.0,1.3723549845158554e-07,0.0,0.0,1.1186258865873808e-09,0.0,0.0,0.0,0.0,5.247969586936708e-09,0.0,0.0,0.0,0.0,3.93827987210406e-08,0.0,0.0,0.0,0.0,6.227825140135838e-08,9.973762509271802e-09,2.1665148549983423e-07,0.0,0.0,0.0,0.0,2.913534261483208e-09,4.0279415308247726e-08,0.0,0.0,0.0,0.0,0.0,0.0,0.0,0.0,3.4289867602538117e-08,2.0073856432698157e-07,1.4116598551199164e-07,5.778791400894307e-08,0.0,4.84256199272595e-08,7.052966197197471e-09,0.0,0.0,0.0,0.0,0.0,0.0,1.6199668116581548e-08,0.0,3.6268951135095423e-07,7.696353639764103e-08,1.3812681905418968e-07,5.6960895439325e-07,0.0,0.0,1.7217105016583808e-07,0.0,5.160574461885973e-08,0.0,0.0,0.0,3.800089889520787e-08,1.4659846606734687e-07,6.27539875477604e-08,0.0,0.0,4.07026157865313e-07,1.0159276556988345e-07,0.0,8.56264865694686e-09,0.0,0.0,0.0,6.36437900650451e-08,2.930771138586124e-08,0.0,0.0,0.0,0.0,1.9000292125127276e-07,0.0,0.0,2.2810399661453725e-07,2.246522743878644e-07,6.953837210640678e-08,0.0,2.3762938213337127e-07,4.591008795128081e-08,0.0,8.695817618905657e-08,0.0,0.0,0.0,1.437482020701941e-08,0.0,3.121648886284621e-08,7.94698854654937e-09,0.0,0.0,3.17463480067189e-08,1.9274686514094034e-07,0.0,0.0,0.0,5.3132906949714066e-08,3.9160065501047534e-07,0.0,1.5800340161489116e-08,7.391314617909561e-09,0.0,1.8680950171991295e-07,1.4900203861621014e-09,0.0,0.0,0.0,0.0,0.0,0.0,0.0,0.0,0.0,3.028358690048597e-07,0.0,0.0,0.0,0.0,0.0
SFTBY,2.263619282009621e-08,0.0,0.0,0.0,0.0,0.0,0.0,0.0,0.0,4.3610124418145474e-07,4.521532928128517e-08,0.0,2.7975476552749403e-07,0.0,3.7741713489995835e-07,0.0,0.0,4.414345912486279e-09,0.0,0.0,0.0,0.0,9.206106738847589e-09,0.0,0.0,0.0,0.0,3.073313929934132e-07,0.0,0.0,0.0,0.0,6.515466056601893e-08,1.2482524835707073e-08,3.532582324931761e-08,0.0,0.0,0.0,0.0,2.4684045691811224e-09,4.78665770931464e-08,0.0,0.0,0.0,0.0,0.0,0.0,0.0,0.0,1.9924963728073757e-08,1.7873625282115724e-07,1.0246258264923759e-07,7.194432604072465e-08,0.0,7.110216460212336e-08,2.6682521118575045e-08,0.0,0.0,0.0,0.0,0.0,0.0,1.220592470666611e-08,0.0,6.436644055198459e-07,9.669444756182545e-08,1.1091091479282605e-07,3.332336449733474e-08,0.0,0.0,6.296311925316458e-08,0.0,3.6935706253285396e-08,0.0,0.0,0.0,2.4346887474276875e-08,1.7841410338364052e-07,1.3633967430047776e-07,0.0,0.0,6.137522738284369e-07,2.3117448578664565e-07,0.0,1.36013996587232e-08,0.0,0.0,0.0,6.638211561571817e-08,3.9986195762284076e-08,0.0,0.0,0.0,0.0,1.7961668554363216e-07,0.0,0.0,7.394026739915733e-08,8.074744244764135e-07,6.822487919022208e-08,0.0,4.5132236635567293e-08,4.115089018844904e-08,0.0,6.804558857150648e-08,0.0,0.0,0.0,8.281161922328646e-09,0.0,4.841961716237848e-08,3.778066212825092e-09,0.0,0.0,2.2872810295876682e-07,3.834121168299703e-07,0.0,0.0,0.0,5.6957563497223927e-08,1.2855973387635725e-07,0.0,2.5327427175548212e-09,8.088024590451526e-09,0.0,1.8688354692708028e-07,0.0,0.0,0.0,0.0,0.0,0.0,0.0,1.2709014240535445e-10,0.0,0.0,3.9044794157275447e-07,0.0,0.0,0.0,0.0,0.0
CEG,2.6948256335788894e-08,0.0,0.0,0.0,0.0,0.0,0.0,0.0,0.0,4.631715283945505e-07,4.165666503578982e-08,0.0,1.52308573125137e-07,0.0,1.5564759612317226e-07,0.0,0.0,1.415853759534072e-09,0.0,0.0,0.0,0.0,6.860696831812211e-09,0.0,0.0,0.0,0.0,4.6828805312221244e-08,0.0,0.0,0.0,0.0,7.723076182147381e-08,1.708994796291664e-08,2.1242001869266832e-07,0.0,0.0,0.0,0.0,2.482251146646869e-09,1.8498453712532755e-07,0.0,0.0,0.0,0.0,0.0,0.0,0.0,0.0,3.05202858406875e-08,9.288986652336172e-08,1.1699839992340877e-07,5.791852829644456e-08,0.0,7.893966269366872e-08,4.123911966373898e-09,0.0,0.0,0.0,0.0,0.0,0.0,7.3385072070105415e-09,0.0,2.746409492125476e-07,1.4033097004941165e-07,2.3361338077993094e-07,4.5400098667018284e-08,0.0,0.0,6.458756176750836e-08,0.0,5.515476890205054e-08,0.0,0.0,0.0,2.8039035411239533e-08,1.8477173427481399e-07,6.514235344878638e-08,0.0,0.0,5.685719626430232e-07,1.6224527651345917e-07,0.0,2.0917204420235545e-08,0.0,0.0,0.0,5.8176076430240005e-08,4.137494587996941e-08,0.0,0.0,0.0,0.0,3.378059892173164e-07,0.0,0.0,3.22862746187003e-07,7.548364687043541e-07,1.2388974312572979e-07,0.0,5.014331912640551e-08,3.690975358050117e-08,0.0,1.2752961969017152e-07,0.0,0.0,0.0,7.670781929109212e-09,0.0,3.960496528855488e-08,8.157312684672805e-09,0.0,0.0,3.600292574257879e-08,6.856827036417018e-07,0.0,0.0,0.0,3.8480027659761774e-07,1.973695346202392e-07,0.0,5.546463450466855e-09,3.830235324579437e-08,0.0,2.137478545119547e-07,1.4083212745595325e-09,0.0,0.0,0.0,0.0,0.0,0.0,0.0,0.0,0.0,1.3419391183151285e-07,0.0,0.0,0.0,0.0,0.0
NGG,2.2526647593162364e-08,0.0,0.0,0.0,0.0,0.0,0.0,0.0,0.0,4.9673060672712e-07,5.5879691395584185e-08,0.0,4.1766937564048493e-07,0.0,1.2266330957014222e-07,0.0,0.0,3.3508875278807217e-09,0.0,0.0,0.0,0.0,6.992454142269918e-09,0.0,0.0,0.0,0.0,4.369721188188928e-08,0.0,0.0,0.0,0.0,6.328217144820008e-08,8.342236202477742e-09,7.853128486604422e-08,0.0,0.0,0.0,0.0,3.2086463528133585e-09,2.1052445997979587e-07,0.0,0.0,0.0,0.0,0.0,0.0,0.0,0.0,1.791782992074346e-08,3.228787324359383e-07,1.3351915318037124e-07,6.685197622969556e-08,0.0,4.781950174667404e-08,8.054112666457585e-09,0.0,0.0,0.0,0.0,0.0,0.0,1.25368977669744e-08,0.0,4.642986070800977e-07,1.2813162972690134e-07,1.321323630394951e-07,3.256957461415925e-08,0.0,0.0,6.084731596498375e-08,0.0,9.709816796614879e-08,0.0,0.0,0.0,2.3750798096494467e-08,2.1798540520996064e-07,1.1796223325470954e-07,0.0,0.0,3.904567032418305e-07,9.188726424193701e-08,0.0,1.1663443479789925e-08,0.0,0.0,0.0,7.132817688142457e-08,4.646173853533643e-08,0.0,0.0,0.0,0.0,2.8334980280591636e-07,0.0,0.0,9.04337966415826e-08,1.6378826080726727e-07,9.575359073796789e-08,0.0,1.8460552760952082e-07,1.999955037821418e-08,0.0,8.321518271882842e-08,0.0,0.0,0.0,7.284515527979576e-09,0.0,2.156469776955737e-08,6.645698210535862e-09,0.0,0.0,2.439566875897498e-07,6.612787172128728e-07,0.0,0.0,0.0,1.1338483785569028e-07,5.772886951041397e-07,0.0,5.387547759463359e-10,1.3781720925083611e-08,0.0,1.99975404444877e-07,1.0515521224804786e-09,1.5205985674477242e-10,0.0,0.0,0.0,0.0,0.0,0.0,0.0,0.0,4.803522256170682e-07,0.0,0.0,0.0,0.0,0.0
SPY,2.0280942303631645e-08,0.0,0.0,0.0,0.0,0.0,0.0,0.0,0.0,4.192384903370363e-07,4.356040135906046e-08,0.0,1.509093494920117e-07,0.0,5.325504588754043e-07,0.0,0.0,2.553921163481358e-09,0.0,0.0,0.0,0.0,5.013001300993062e-09,0.0,0.0,0.0,0.0,3.894913728460462e-08,0.0,0.0,0.0,0.0,7.154617799480752e-08,9.983143968752556e-09,1.5312908647059463e-07,0.0,0.0,0.0,0.0,2.6925669611207255e-09,6.072265626446868e-08,0.0,0.0,0.0,0.0,0.0,0.0,0.0,0.0,4.953168661912829e-08,1.9273983117900142e-07,1.0236080947626191e-07,5.3852405681210046e-08,0.0,1.0787275634099236e-07,3.045610017564966e-08,0.0,0.0,0.0,0.0,0.0,0.0,1.1439884176018465e-08,0.0,5.579438186911766e-07,6.768441473939923e-08,1.3932574525726226e-07,2.3105012801850855e-08,0.0,0.0,8.868231237046694e-08,0.0,5.18934358524249e-08,0.0,0.0,0.0,1.7870885256866762e-07,7.424597590910699e-08,5.082137536666438e-08,0.0,0.0,4.1343068307694453e-07,1.859228296277693e-07,0.0,6.441038564535069e-09,0.0,0.0,0.0,3.8631231895898906e-07,1.8674266155941238e-08,0.0,0.0,0.0,0.0,2.6339024212888433e-07,0.0,0.0,3.3491760471527726e-07,9.039385763421675e-07,9.580258054313871e-08,0.0,4.63681573880009e-08,2.992148180339434e-08,0.0,1.996821116838495e-07,0.0,0.0,0.0,2.3100623956435136e-08,0.0,2.08082706362712e-08,6.289708627912862e-09,0.0,0.0,5.088562257216834e-08,3.479363818399025e-07,0.0,0.0,0.0,6.851203675968827e-08,4.5096655167363514e-07,0.0,1.5087160809484648e-08,5.4996468079818775e-08,0.0,1.9776563819507014e-07,9.393900372767514e-11,0.0,0.0,0.0,0.0,0.0,0.0,0.0,0.0,0.0,8.743615081330583e-08,0.0,0.0,0.0,0.0,0.0
TXN,2.2403246961036628e-08,0.0,0.0,0.0,0.0,0.0,0.0,0.0,0.0,2.1256612539631915e-07,3.053381988162637e-07,0.0,1.1522978946027427e-07,0.0,5.700041406300502e-07,0.0,0.0,4.920658027684921e-10,0.0,0.0,0.0,0.0,7.51611797950713e-09,0.0,0.0,0.0,0.0,4.094197133850261e-08,0.0,0.0,0.0,0.0,9.400655358655174e-08,1.0168494920369832e-08,7.182930187136846e-08,0.0,0.0,0.0,0.0,1.9327925267018574e-09,8.761621350096235e-08,0.0,0.0,0.0,0.0,0.0,0.0,0.0,0.0,1.6364806924424706e-07,2.398197636006227e-07,1.23582989380702e-07,4.936797257531576e-08,0.0,1.0262840727420769e-07,8.509129100080682e-09,0.0,0.0,0.0,0.0,0.0,0.0,1.290722375526026e-08,0.0,2.2286926759496573e-07,1.4800892063568437e-07,1.7596827345048395e-07,3.665990975698282e-08,0.0,0.0,5.6154667922641363e-08,0.0,3.48198259678952e-08,0.0,0.0,0.0,3.1837049797038715e-08,6.40372437875939e-08,6.347478029336274e-08,0.0,0.0,9.982858407712425e-07,3.4797099438682376e-07,0.0,6.26009656673037e-09,0.0,0.0,0.0,7.14354846061797e-08,1.95094793429569e-07,0.0,0.0,0.0,0.0,3.030084267897804e-07,0.0,0.0,4.375464357952795e-08,3.7159331882059295e-07,7.318841303645745e-08,0.0,4.8356265042529605e-08,6.894945486697297e-08,0.0,7.513533252454251e-08,0.0,0.0,0.0,3.982039441630934e-09,0.0,6.115926823243646e-08,7.2919798342875374e-09,0.0,0.0,3.312553780063121e-08,5.384876149779415e-07,0.0,0.0,0.0,4.6571623895910716e-08,1.437626944918799e-07,0.0,3.4265306304979903e-09,1.3504719068224013e-08,0.0,2.308234910064972e-07,1.1793157005285927e-09,0.0,0.0,0.0,0.0,0.0,0.0,0.0,0.0,0.0,1.2168376269183552e-07,0.0,0.0,0.0,0.0,0.0
MU,2.5875162427206484e-08,0.0,0.0,0.0,0.0,0.0,0.0,0.0,0.0,1.8414431389464748e-07,2.1692852748293716e-07,0.0,2.5117730344809167e-07,0.0,1.688920446062996e-07,0.0,0.0,4.878809555471148e-10,0.0,0.0,0.0,0.0,9.592355246116472e-09,0.0,0.0,0.0,0.0,3.7590029053062194e-08,0.0,0.0,0.0,0.0,7.063656105689885e-08,4.276054200743232e-09,5.9157181408962535e-08,0.0,0.0,0.0,0.0,1.5628158612438283e-09,9.739796156058732e-08,0.0,0.0,0.0,0.0,0.0,0.0,0.0,0.0,7.966164816474224e-08,1.682278015584481e-07,1.0343545896722185e-07,4.724092001445822e-08,0.0,2.5975636558009626e-08,8.748261507870262e-09,0.0,0.0,0.0,0.0,0.0,0.0,9.563553614434509e-09,0.0,2.3385342253094878e-07,1.8899218085620213e-07,1.8892184559047426e-07,2.6822379144384418e-08,0.0,0.0,1.203344684031457e-07,0.0,2.1939055190193645e-07,0.0,0.0,0.0,2.8913928808389197e-08,6.238949243934127e-08,1.1354976477168913e-07,0.0,0.0,8.817982596762823e-07,1.2417567181967266e-07,0.0,8.203067369730357e-09,0.0,0.0,0.0,7.602631179589488e-08,2.800047462054265e-08,0.0,0.0,0.0,0.0,3.1898255316124496e-07,0.0,0.0,2.454732632474272e-07,6.053008440958107e-07,1.7376854008437507e-07,0.0,3.2343296430386045e-08,6.602999123041535e-08,0.0,6.882765248500837e-08,0.0,0.0,0.0,4.965346766656194e-09,0.0,1.5519712858418632e-08,6.188881788076983e-09,0.0,0.0,9.901947690192235e-08,7.34957392332436e-07,0.0,0.0,0.0,4.6938418429013923e-08,1.0413580745335235e-07,0.0,2.5029501545149904e-09,5.771054782902497e-08,0.0,2.3271063431646762e-07,2.9739132545016334e-09,2.441423895736993e-10,0.0,0.0,0.0,0.0,0.0,0.0,0.0,0.0,2.492124793696796e-07,0.0,0.0,0.0,0.0,0.0
WMT,2.3738419673509766e-08,0.0,0.0,0.0,0.0,0.0,0.0,0.0,0.0,2.1470436010022025e-07,1.3660944275107377e-07,0.0,1.319507391503526e-07,0.0,3.849609094083588e-07,0.0,0.0,3.9804765151820855e-10,0.0,0.0,0.0,0.0,2.62589658455642e-07,0.0,0.0,0.0,0.0,2.1215099534095682e-08,0.0,0.0,0.0,0.0,9.803805989310484e-08,9.435698323444096e-09,4.3158940597947395e-08,0.0,0.0,0.0,0.0,2.6049852827865355e-09,2.05182549132936e-07,0.0,0.0,0.0,0.0,0.0,0.0,0.0,0.0,6.030556563524735e-08,1.9774408053882137e-07,4.5053063533911697e-07,8.133082951889853e-08,0.0,1.367858540763466e-07,5.860218400034863e-09,0.0,0.0,0.0,0.0,0.0,0.0,1.5925503766964227e-08,0.0,2.940433132825773e-07,1.0702512839088196e-07,3.023065174833534e-07,3.819108001361145e-08,0.0,0.0,1.1086368220618153e-07,0.0,7.500479480257066e-08,0.0,0.0,0.0,3.439162715858803e-08,8.293430509982007e-08,5.10729335131317e-08,0.0,0.0,3.78127913608406e-07,1.3187601027397545e-07,0.0,7.956788203520196e-09,0.0,0.0,0.0,5.9541629879261905e-08,2.635462864670683e-08,0.0,0.0,0.0,0.0,1.953140433512498e-07,0.0,0.0,4.8898140211331243e-08,3.5286111623387207e-07,8.935870793599016e-08,0.0,4.669188023722419e-08,3.809297562477107e-08,0.0,6.832301315117981e-08,0.0,0.0,0.0,8.712847570777406e-09,0.0,1.1871465611422892e-07,4.964381968182522e-09,0.0,0.0,3.686914138506525e-08,2.538644260211703e-07,0.0,0.0,0.0,5.274073963115411e-08,1.3757830618625388e-07,0.0,1.7733941791136456e-09,1.4034614538528578e-07,0.0,3.5054844649759835e-07,7.678234183178356e-10,0.0,0.0,0.0,0.0,0.0,0.0,0.0,0.0,0.0,1.5751436973927546e-07,0.0,0.0,0.0,0.0,0.0
MCD,3.5063836429148375e-07,0.0,0.0,0.0,0.0,0.0,0.0,0.0,0.0,2.569906724049128e-07,2.3729074311043112e-08,0.0,2.5354372956708793e-07,0.0,1.5218866689714352e-07,0.0,0.0,4.799004097474469e-09,0.0,0.0,0.0,0.0,9.029280309118061e-09,0.0,0.0,0.0,0.0,3.494855113775489e-08,0.0,0.0,0.0,0.0,7.296005367501381e-08,1.1130398688486662e-08,7.493610081909803e-08,0.0,0.0,0.0,0.0,2.80870127701669e-09,1.4392698737218773e-07,0.0,0.0,0.0,0.0,0.0,0.0,0.0,0.0,2.5524667785313013e-08,2.721096222914776e-07,2.3445945843555015e-07,4.805055717065169e-08,0.0,3.6956537558297044e-08,7.3579481423330346e-09,0.0,0.0,0.0,0.0,0.0,0.0,8.133147478807144e-09,0.0,5.051272413956855e-07,7.832081626366256e-08,1.571681508394395e-07,4.46939213856487e-08,0.0,0.0,1.0960847486276454e-07,0.0,3.7881944383886095e-08,0.0,0.0,0.0,1.7603480166523212e-07,1.1050397479445555e-07,3.5085525363604653e-08,0.0,0.0,6.656551564153071e-07,1.456547867139982e-07,0.0,4.946120104184145e-09,0.0,0.0,0.0,7.229738597594094e-08,1.696833875200533e-07,0.0,0.0,0.0,0.0,3.412194375671243e-07,0.0,0.0,6.298832834035484e-08,2.827682602734756e-07,9.223569090689706e-08,0.0,3.5196305110875734e-08,8.162963719177233e-08,0.0,2.4128193674524493e-07,0.0,0.0,0.0,8.975672251625295e-09,0.0,3.352207065422412e-08,7.075703286151343e-09,0.0,0.0,3.844531152766995e-08,4.076508905141424e-07,0.0,0.0,0.0,4.992255267721398e-08,5.03805176452513e-07,0.0,5.1172067230058865e-09,8.02637356375303e-08,0.0,2.0897220284429445e-07,1.3229832954762908e-09,0.0,0.0,0.0,0.0,0.0,0.0,0.0,0.0,0.0,1.2930707131248777e-07,0.0,0.0,0.0,0.0,0.0
ORCL,2.360825920371364e-08,0.0,0.0,0.0,0.0,0.0,0.0,0.0,0.0,1.585944406817661e-07,3.618395939864269e-08,0.0,4.405078526373057e-07,0.0,1.704235609020225e-07,0.0,0.0,1.9414379884595277e-09,0.0,0.0,0.0,0.0,9.6355233291764e-09,0.0,0.0,0.0,0.0,4.0538287555324294e-08,0.0,0.0,0.0,0.0,8.729509858748759e-08,1.2911307028980406e-08,1.2660795473992845e-07,0.0,0.0,0.0,0.0,1.9834399945982615e-09,3.923091531044654e-08,0.0,0.0,0.0,0.0,0.0,0.0,0.0,0.0,5.8874198696449586e-08,3.3828500532451106e-07,1.262366557876876e-07,4.6986509821189755e-08,0.0,6.801684105935117e-08,3.4558207025176164e-09,0.0,0.0,0.0,0.0,0.0,0.0,1.451289218785875e-08,0.0,2.954591648362328e-07,1.1983410940422968e-07,1.4623121811184433e-07,3.6029698799682464e-08,0.0,0.0,4.7456203490368556e-08,0.0,7.68575949364874e-08,0.0,0.0,0.0,3.086507687197326e-08,6.674352335357366e-08,7.326109222836823e-08,0.0,0.0,2.8941544099189235e-07,9.970593865311744e-08,0.0,1.2509530760302064e-08,0.0,0.0,0.0,6.403855490786899e-07,3.623882593742739e-08,0.0,0.0,0.0,0.0,2.850393273794662e-07,0.0,0.0,2.0620365801428094e-07,1.73154013384981e-07,3.546963041758468e-07,0.0,4.3833699636534315e-08,3.2929935222640076e-08,0.0,6.98731233172726e-08,0.0,0.0,0.0,4.6411343400597266e-09,0.0,3.8694463565063614e-08,6.477319080319618e-09,0.0,0.0,4.229896262813715e-08,8.12187053202367e-07,0.0,0.0,0.0,6.476464834458099e-08,1.014981830382972e-07,0.0,3.739052271170926e-09,6.142614575803843e-08,0.0,1.9496575150178668e-07,2.72481506082718e-09,0.0,0.0,0.0,0.0,0.0,0.0,0.0,0.0,0.0,9.89445758719731e-08,0.0,0.0,0.0,0.0,0.0
GOOG,2.4438234139264064e-08,0.0,0.0,0.0,0.0,0.0,0.0,0.0,0.0,2.168491121516098e-07,4.277192195647055e-08,0.0,1.5439945679856505e-07,0.0,1.3671886934351611e-07,0.0,0.0,2.032640572943799e-09,0.0,0.0,0.0,0.0,8.633431151860367e-09,0.0,0.0,0.0,0.0,3.6603747869998945e-08,0.0,0.0,0.0,0.0,7.158573152449514e-08,5.739744347131125e-09,3.308288602692401e-08,0.0,0.0,0.0,0.0,2.7498169710209934e-09,5.102835857322557e-08,0.0,0.0,0.0,0.0,0.0,0.0,0.0,0.0,1.874643359232911e-08,2.011344089837639e-07,4.2614199704848874e-07,5.249627961501362e-08,0.0,7.254833615492251e-08,5.667671770544866e-09,0.0,0.0,0.0,0.0,0.0,0.0,1.1445708661726226e-08,0.0,2.761302052417047e-07,8.338444512067727e-08,3.754750264267597e-07,4.965565138468252e-08,0.0,0.0,1.1390048361808185e-07,0.0,1.1199032988503814e-07,0.0,0.0,0.0,2.792123684358772e-08,8.735113827329573e-08,4.8096657704611905e-08,0.0,0.0,3.994400237364179e-07,1.0686782745057514e-07,0.0,1.1183270336724253e-08,0.0,0.0,0.0,8.148724578346292e-08,1.9301024635993308e-08,0.0,0.0,0.0,0.0,2.1986835283413954e-07,0.0,0.0,5.762654768356465e-08,2.509796407044414e-07,1.0005981574731588e-07,0.0,5.5479709565381695e-08,2.9541796759975866e-08,0.0,7.590699020611965e-08,0.0,0.0,0.0,7.390025434565525e-09,0.0,3.982525671896998e-08,7.414310965152151e-09,0.0,0.0,3.541379836832767e-08,4.532354774707109e-07,0.0,0.0,0.0,5.542964045781614e-08,1.597313070936251e-07,0.0,1.074878500544307e-09,6.419640133935081e-08,0.0,2.9937396089817e-07,3.160986074361631e-10,0.0,0.0,0.0,0.0,0.0,0.0,0.0,0.0,0.0,1.344800502875279e-07,0.0,0.0,0.0,0.0,0.0
GOOGL,2.5016156504317366e-08,0.0,0.0,0.0,0.0,0.0,0.0,0.0,0.0,2.1488907901593574e-07,4.249386903703898e-08,0.0,1.6182984028391312e-07,0.0,1.2136365558937097e-07,0.0,0.0,2.5347416663698584e-09,0.0,0.0,0.0,0.0,8.637906092814753e-09,0.0,0.0,0.0,0.0,4.056700259349089e-08,0.0,0.0,0.0,0.0,6.490663965170014e-08,8.1372144653086e-09,3.364474236355765e-08,0.0,0.0,0.0,0.0,2.853412820320761e-09,5.147769346951412e-08,0.0,0.0,0.0,0.0,0.0,0.0,0.0,0.0,1.7932993648070205e-08,2.066195829391235e-07,4.218959332363487e-07,5.1375144067491474e-08,0.0,5.760681376893712e-08,5.509420573424028e-09,0.0,0.0,0.0,0.0,0.0,0.0,1.1249621441087942e-08,0.0,2.6924369351375714e-07,8.771836824892675e-08,3.785471793146756e-07,4.879503043390155e-08,0.0,0.0,5.754509197556874e-08,0.0,1.129664656786742e-07,0.0,0.0,0.0,2.866009301408679e-08,8.858197121744922e-08,4.895859734878991e-08,0.0,0.0,4.0254932911316266e-07,1.0476852161159226e-07,0.0,1.103558681548498e-08,0.0,0.0,0.0,8.121792307944416e-08,2.1070233696705316e-08,0.0,0.0,0.0,0.0,2.148694885611193e-07,0.0,0.0,5.669950600311631e-08,2.603543868393737e-07,1.0023251290423136e-07,0.0,6.134249632737104e-08,3.364236985373176e-08,0.0,7.330751413183314e-08,0.0,0.0,0.0,6.766147846509791e-09,0.0,4.6907450060505776e-08,7.372385724268102e-09,0.0,0.0,3.3951039141491646e-08,4.5280903613641607e-07,0.0,0.0,0.0,5.975895172368839e-08,1.5936044942524297e-07,0.0,1.0760797613078934e-09,6.445188159443653e-08,0.0,3.0170212687410094e-07,1.5480903609309137e-09,0.0,0.0,0.0,0.0,0.0,0.0,0.0,0.0,0.0,2.304329132933326e-07,0.0,0.0,0.0,0.0,0.0
NVDA,2.8721881970380273e-08,0.0,0.0,0.0,0.0,0.0,0.0,0.0,0.0,2.7427646180422487e-07,1.4300855380363042e-07,0.0,1.384129629155256e-07,0.0,1.8099213874901475e-07,0.0,0.0,3.412226357408706e-10,0.0,0.0,0.0,0.0,8.634366987702446e-09,0.0,0.0,0.0,0.0,4.005196220886001e-08,0.0,0.0,0.0,0.0,3.0580944467138987e-07,2.1123632260874334e-07,8.174662673619774e-08,0.0,0.0,0.0,0.0,2.3545028674688503e-09,7.814337716708093e-08,0.0,0.0,0.0,0.0,0.0,0.0,0.0,0.0,9.295364228876155e-08,2.009965613162188e-07,1.4652330702971637e-07,4.550798154471478e-08,0.0,3.278567129490593e-08,5.740450528007361e-09,0.0,0.0,0.0,0.0,0.0,0.0,2.388811001789337e-08,0.0,2.8230999074644917e-07,1.5930412440829128e-07,1.5922858718325316e-07,3.328124847119398e-08,0.0,0.0,1.7056187562127287e-07,0.0,4.688587293130458e-08,0.0,0.0,0.0,2.633771072240713e-08,2.1618465225597718e-07,4.374507525523088e-08,0.0,0.0,1.0822178024634176e-06,7.549699342492596e-08,0.0,1.2815170262456575e-07,0.0,0.0,0.0,7.296068263541148e-08,3.9244871951680354e-08,0.0,0.0,0.0,0.0,1.8254960051314914e-07,0.0,0.0,6.23497126647406e-08,3.38022107091031e-07,6.258346057268672e-08,0.0,4.6209355158514564e-08,5.9303109366702927e-08,0.0,2.457698148494759e-07,0.0,0.0,0.0,7.0271970376921156e-09,0.0,3.790646262140308e-08,5.33181976144818e-09,0.0,0.0,3.6666270864770623e-08,3.7639104524937283e-07,0.0,0.0,0.0,5.000638222543743e-08,1.0240594569223295e-07,0.0,3.210314604827839e-09,9.711569763464839e-08,0.0,2.3051764412558307e-07,2.298652516537718e-09,0.0,0.0,0.0,0.0,0.0,0.0,0.0,0.0,0.0,1.270707257849451e-07,0.0,0.0,0.0,0.0,0.0
TSLA,2.9317825714517867e-08,0.0,0.0,0.0,0.0,0.0,0.0,0.0,0.0,4.801419792322583e-07,1.4840162850755155e-07,0.0,2.818525912909637e-07,0.0,4.269430059578509e-07,0.0,0.0,2.8472686621583325e-08,0.0,0.0,0.0,0.0,7.080621137458397e-09,0.0,0.0,0.0,0.0,3.334669626378781e-08,0.0,0.0,0.0,0.0,5.3357988075880934e-08,6.605221419808941e-09,5.7841916441326634e-08,0.0,0.0,0.0,0.0,2.8410762797461547e-09,6.529746721953389e-08,0.0,0.0,0.0,0.0,0.0,0.0,0.0,0.0,2.7130477105067405e-08,1.1680781807294335e-07,1.2505375883673768e-07,4.9804578813661146e-08,0.0,1.366406484893191e-07,8.284947761397818e-08,0.0,0.0,0.0,0.0,0.0,0.0,1.5385853240852653e-08,0.0,6.194048744704973e-07,7.487176423330175e-08,1.5812466539749464e-07,3.8376027983937504e-08,0.0,0.0,1.2205696836183464e-07,0.0,4.706731266297953e-08,0.0,0.0,0.0,2.8747105421191725e-08,1.6590735073704813e-07,6.498786201202238e-08,0.0,0.0,6.531589089925183e-07,1.3246381610589702e-07,0.0,1.0244661531336333e-08,0.0,0.0,0.0,5.99689016290698e-08,2.882969299817315e-08,0.0,0.0,0.0,0.0,2.8666381833526526e-07,0.0,0.0,8.127833589427913e-08,7.722108004135466e-07,8.491967552476678e-08,0.0,4.290006064011744e-08,3.6883995811231104e-08,0.0,1.3317189773596257e-07,0.0,0.0,0.0,1.9604136582629315e-08,0.0,1.013643774372835e-07,8.152121352084547e-09,0.0,0.0,3.763299169399448e-08,6.661773294417132e-07,0.0,0.0,0.0,4.67007801062398e-08,1.276731291630707e-07,0.0,2.5922796481541344e-09,8.514750758165842e-09,0.0,2.4030786578180977e-07,6.338702811353366e-10,0.0,0.0,0.0,0.0,0.0,0.0,0.0,0.0,0.0,1.2195103379561952e-07,0.0,0.0,0.0,0.0,0.0
SAP,2.5529492792053813e-08,0.0,0.0,0.0,0.0,0.0,0.0,0.0,0.0,2.1751914929066496e-07,3.981293981388287e-08,0.0,5.330311448321946e-07,0.0,1.5145177676754267e-07,0.0,0.0,5.131794938101129e-10,0.0,0.0,0.0,0.0,8.22230064644524e-09,0.0,0.0,0.0,0.0,3.265218235470566e-08,0.0,0.0,0.0,0.0,7.038795822176756e-08,3.530156329810831e-08,1.6653797622768555e-07,0.0,0.0,0.0,0.0,3.080726888981184e-09,3.5448712303591864e-08,0.0,0.0,0.0,0.0,0.0,0.0,0.0,0.0,4.393162897543735e-08,3.173286916265191e-07,1.3298934286189027e-07,9.541275915081027e-08,0.0,1.5682387954093153e-07,4.742459365261444e-09,0.0,0.0,0.0,0.0,0.0,0.0,1.8650758614493172e-08,0.0,4.24646981046757e-07,7.216500461494808e-08,1.5888640199952242e-07,4.141041545799792e-08,0.0,0.0,1.7868681305670785e-07,0.0,4.0546235009302165e-08,0.0,0.0,0.0,2.6736201462904164e-08,1.5669227467220082e-07,7.385983144406532e-08,0.0,0.0,4.755282268607078e-07,1.8876275040932168e-07,0.0,1.5568562878189303e-07,0.0,0.0,0.0,4.9548360855596044e-08,2.1483640724153676e-08,0.0,0.0,0.0,0.0,3.053758629160385e-07,0.0,0.0,6.567479508212936e-08,1.955671259607127e-07,9.256655933531177e-08,0.0,3.4700306936095674e-08,3.2744307059049136e-08,0.0,9.25634039218517e-08,0.0,0.0,0.0,6.614351897651969e-08,0.0,8.604037801875894e-08,4.061823998927354e-09,0.0,0.0,2.4064611462955912e-08,3.828654732325325e-07,0.0,0.0,0.0,6.441278894626488e-08,1.5623341148767358e-07,0.0,3.1989830548003166e-09,2.679179229179071e-08,0.0,2.1283649898799945e-07,1.8452739232777663e-09,0.0,0.0,0.0,0.0,0.0,0.0,0.0,0.0,0.0,1.0094356671766241e-07,0.0,0.0,0.0,0.0,0.0
INTC,2.3854657992852793e-08,0.0,0.0,0.0,0.0,0.0,0.0,0.0,0.0,1.9826922670460072e-07,3.9916364961489275e-08,0.0,3.4708490627075844e-07,0.0,2.4728656858481545e-07,0.0,0.0,0.0,0.0,0.0,0.0,0.0,6.340478202716738e-09,0.0,0.0,0.0,0.0,3.570330104006789e-08,0.0,0.0,0.0,0.0,1.4038832364785088e-07,9.980741935523914e-09,4.9433294609449924e-08,0.0,0.0,0.0,0.0,2.832398789318803e-09,5.177035675195164e-08,0.0,0.0,0.0,0.0,0.0,0.0,0.0,0.0,1.1830463477419129e-08,1.6135773206813625e-07,3.7141886369808806e-07,6.841331147201059e-08,0.0,5.8532071689637295e-08,4.4143290543550394e-09,0.0,0.0,0.0,0.0,0.0,0.0,1.424913384855303e-08,0.0,2.2604370275575132e-07,1.628268063875201e-07,2.8993961141659725e-07,2.0141384731891674e-08,0.0,0.0,8.059036493970173e-08,0.0,3.981016818984319e-08,0.0,0.0,0.0,1.927748080311743e-08,9.11155012021191e-08,1.2419489283814994e-07,0.0,0.0,9.770468388573786e-07,1.0819114459707907e-07,0.0,9.794321872997592e-09,0.0,0.0,0.0,5.304993867098112e-08,1.3872749251686507e-07,0.0,0.0,0.0,0.0,2.1330387370323624e-07,0.0,0.0,5.2268963752041783e-08,8.204416222379485e-07,5.725944280147617e-08,0.0,1.7479721484913328e-07,8.868392894390366e-08,0.0,1.0673208696099177e-07,0.0,0.0,0.0,9.306263183680064e-09,0.0,4.2465367309233456e-08,7.452475922212606e-09,0.0,0.0,1.769814451870048e-08,4.399199956474511e-07,0.0,0.0,0.0,4.192767444402982e-08,1.3436199644532917e-07,0.0,1.5987057868036252e-09,2.2072907102419563e-08,0.0,2.2494284016014614e-07,1.095301798252915e-09,6.727786709257781e-11,0.0,0.0,0.0,0.0,0.0,0.0,0.0,0.0,1.2963570834955825e-07,0.0,0.0,0.0,0.0,0.0
TCEHY,2.650959349956997e-08,0.0,0.0,0.0,0.0,0.0,0.0,0.0,0.0,2.389651324009326e-07,3.112194267097206e-08,0.0,1.5795855022558377e-07,0.0,1.3666463348807368e-07,0.0,0.0,1.4739856120711454e-09,0.0,0.0,0.0,0.0,6.8509387627815435e-09,0.0,0.0,0.0,0.0,3.558988394322429e-08,0.0,0.0,0.0,0.0,6.301757572692188e-08,1.497492747349814e-07,1.1351997133414554e-07,0.0,0.0,0.0,0.0,2.7569310548857624e-09,4.270104658399106e-08,0.0,0.0,0.0,0.0,0.0,0.0,0.0,0.0,3.6319503231359175e-08,1.9539142974440106e-07,1.0111726849996618e-07,6.11632643711807e-08,0.0,1.7532795441535397e-07,4.5740551633616796e-09,0.0,0.0,0.0,0.0,0.0,0.0,1.1394996678974349e-08,0.0,3.14568903058354e-07,7.899191229641998e-08,1.4887524879494433e-07,3.667627993923036e-08,0.0,0.0,7.158320743791633e-08,0.0,7.313742660213857e-08,0.0,0.0,0.0,2.048322181898757e-08,1.7760362466602113e-07,6.039274355506311e-08,0.0,0.0,5.307649566036476e-07,1.3003187072086904e-07,0.0,7.813066641080742e-09,0.0,0.0,0.0,6.162011339799107e-08,3.663126867740903e-08,0.0,0.0,0.0,0.0,2.84570965903051e-07,0.0,0.0,6.991147479042052e-08,1.9356178361546132e-07,1.3655042638533575e-07,0.0,5.4199116192699795e-08,4.862077459699567e-08,0.0,1.2904708264828374e-07,0.0,0.0,0.0,5.098980976147501e-09,0.0,4.070844849552846e-08,7.140927677043834e-09,0.0,0.0,2.71726275976768e-08,2.4580129300024714e-07,0.0,0.0,0.0,6.709049874490753e-08,1.539880084328885e-07,0.0,2.9028899722195954e-09,8.78901864127992e-08,0.0,2.4877378235499853e-07,6.279387886195437e-10,0.0,0.0,0.0,0.0,0.0,0.0,0.0,0.0,0.0,1.249638544137004e-07,0.0,0.0,0.0,0.0,0.0
META,2.295660721774667e-08,0.0,0.0,0.0,0.0,0.0,0.0,0.0,0.0,2.1559208240767833e-07,3.662570319089092e-08,0.0,1.0453789462153961e-07,0.0,5.182774131045002e-07,0.0,0.0,2.189256935706891e-09,0.0,0.0,0.0,0.0,6.076358670849327e-09,0.0,0.0,0.0,0.0,3.362549104703434e-08,0.0,0.0,0.0,0.0,9.37799000339525e-08,1.3353677600629266e-08,5.895547207899003e-08,0.0,0.0,0.0,0.0,2.3340633136635182e-08,5.225718259949911e-08,0.0,0.0,0.0,0.0,0.0,0.0,0.0,0.0,2.5901270097367574e-08,1.867246949555189e-07,1.458207873643414e-07,8.349607227121532e-08,0.0,7.490353078539134e-08,4.421234573445047e-09,0.0,0.0,0.0,0.0,0.0,0.0,8.875440925837256e-09,0.0,3.7204006484076804e-07,1.257168745098407e-07,3.5060855244522654e-07,3.807635748508931e-08,0.0,0.0,1.0157734530980629e-07,0.0,8.444519752706187e-08,0.0,0.0,0.0,4.173763590336672e-08,6.964895927495546e-08,1.4073987507291829e-07,0.0,0.0,3.4395642918308515e-07,9.305253383383361e-08,0.0,1.1858046222170066e-08,0.0,0.0,0.0,6.484856141194501e-08,1.8601708238969966e-07,0.0,0.0,0.0,0.0,2.6407883529059385e-07,0.0,0.0,4.71878122256004e-08,2.2549974714985832e-07,8.164766155316103e-08,0.0,3.983376547494816e-08,4.045681624982332e-08,0.0,9.350942846827185e-08,0.0,0.0,0.0,6.868804401009671e-09,0.0,2.3414579391435415e-07,4.535997062609927e-09,0.0,0.0,3.421895584968039e-08,7.54112832261748e-07,0.0,0.0,0.0,5.1561874951247317e-08,1.202253020060605e-07,0.0,1.0668654796318622e-09,2.6874187986227846e-08,0.0,2.9589850222207903e-07,8.158874088525251e-10,0.0,0.0,0.0,0.0,0.0,0.0,0.0,0.0,0.0,1.19265834026815e-07,0.0,0.0,0.0,0.0,0.0
STLA,1.7717652431595413e-08,0.0,0.0,0.0,0.0,0.0,0.0,0.0,0.0,4.861812999685672e-07,4.602392447506666e-08,0.0,1.0701644938092265e-07,0.0,5.13882301562649e-07,0.0,0.0,4.4028442915161466e-08,0.0,0.0,0.0,0.0,6.8757835391651345e-09,0.0,0.0,0.0,0.0,3.3185601391067136e-08,0.0,0.0,0.0,0.0,5.512081207694898e-08,1.211693286789512e-08,1.67229191054979e-07,0.0,0.0,0.0,0.0,2.678356576333376e-09,3.160748626657337e-08,0.0,0.0,0.0,0.0,0.0,0.0,0.0,0.0,1.6347574380707394e-08,1.2264181107992888e-07,9.5325665823503e-08,5.24926284780623e-08,0.0,5.0897092934423036e-08,7.494762394358409e-08,0.0,0.0,0.0,0.0,0.0,0.0,9.17668100624632e-08,0.0,5.18197800537177e-07,5.179391651897435e-07,1.4206403559528397e-07,4.024832652978256e-08,0.0,0.0,5.2707551827018806e-08,0.0,6.295262968347135e-08,0.0,0.0,0.0,1.1289108799203956e-07,1.4583660614180394e-07,1.6889791679163924e-07,0.0,0.0,6.350691770356692e-07,1.6233511210056625e-07,0.0,2.585889860879619e-08,0.0,0.0,0.0,6.750731618926672e-08,5.341150504251968e-08,0.0,0.0,0.0,0.0,3.134402214522424e-07,0.0,0.0,8.78548388701958e-08,2.63227619557356e-07,6.541164495987139e-08,0.0,2.0349486355685356e-07,1.7343095438120303e-08,0.0,7.27521531461781e-08,0.0,0.0,0.0,8.222105292185934e-09,0.0,2.1282305800305908e-08,6.067054383733275e-09,0.0,0.0,3.9355658160950417e-08,2.597419285333421e-07,0.0,0.0,0.0,2.137223317543246e-07,1.0193801187737118e-07,0.0,1.646457863604879e-08,3.98889198769468e-08,0.0,2.623146960830672e-07,1.1479884256127818e-09,0.0,0.0,0.0,0.0,0.0,0.0,0.0,0.0,0.0,1.3052711044102953e-07,0.0,0.0,0.0,0.0,0.0
CDNS,2.758206949527878e-07,0.0,0.0,0.0,0.0,0.0,0.0,0.0,0.0,2.3942928519114497e-07,3.2749081413568694e-08,0.0,1.7779611517162947e-07,0.0,1.2910535230052207e-07,0.0,0.0,2.239878935209518e-09,0.0,0.0,0.0,0.0,6.499238061606421e-09,0.0,0.0,0.0,0.0,2.7823323571580037e-08,0.0,0.0,0.0,0.0,1.20664715035815e-07,9.222404641597305e-09,4.9808665168690385e-08,0.0,0.0,0.0,0.0,2.5525465422823197e-09,3.010346314121497e-08,0.0,0.0,0.0,0.0,0.0,0.0,0.0,0.0,3.52689944549632e-08,3.2076401949805933e-07,2.1828871118271346e-07,5.4968639201611564e-08,0.0,1.5727090517380778e-07,8.128093067943366e-09,0.0,0.0,0.0,0.0,0.0,0.0,9.086709728614446e-09,0.0,3.7377405027928595e-07,9.423982893851433e-08,1.1863199436431221e-07,3.639053668242487e-08,0.0,0.0,9.025442005234412e-08,0.0,3.514888041620184e-08,0.0,0.0,0.0,2.676648223499526e-08,1.0131478001057623e-07,3.648419369370118e-08,0.0,0.0,4.0427255688219515e-07,1.3026614760208154e-07,0.0,9.535310605069287e-09,0.0,0.0,0.0,7.62310121653476e-07,2.6212169321434923e-08,0.0,0.0,0.0,0.0,3.2055806664847146e-07,0.0,0.0,5.3762455598331314e-08,3.090694808517438e-07,1.3490536929364874e-07,0.0,5.202348361187214e-08,5.824612806164028e-08,0.0,7.43388481863714e-08,0.0,0.0,0.0,6.552150172135465e-09,0.0,3.784263187097858e-08,4.734923044005208e-09,0.0,0.0,2.53015763844124e-08,3.716754818941931e-07,0.0,0.0,0.0,4.4239802701641553e-07,1.4572626323139671e-07,0.0,3.35201323753904e-09,1.22516979485799e-07,0.0,1.709367842891791e-07,0.0,0.0,0.0,0.0,0.0,0.0,0.0,2.016474399771706e-11,0.0,0.0,1.937428588070222e-07,0.0,0.0,0.0,0.0,0.0
SO,1.982569142191561e-08,0.0,0.0,0.0,0.0,0.0,0.0,0.0,0.0,4.663713584891146e-07,4.6754062930245943e-08,0.0,4.3611087704885137e-07,0.0,1.5288977331901769e-07,0.0,0.0,1.9009624650879852e-10,0.0,0.0,0.0,0.0,5.253049013302097e-09,0.0,0.0,0.0,0.0,4.269450887329068e-08,0.0,0.0,0.0,0.0,9.519185536848844e-08,2.0358657855681892e-08,6.43495850071604e-08,0.0,0.0,0.0,0.0,2.647070589557763e-09,2.824764629025694e-07,0.0,0.0,0.0,0.0,0.0,0.0,0.0,0.0,2.5549805411360592e-08,1.6786278459412708e-07,1.3570893130808388e-07,5.668611114393112e-08,0.0,5.4811965220731367e-08,8.248297680830527e-09,0.0,0.0,0.0,0.0,0.0,0.0,7.543849200655709e-09,0.0,4.059574653520963e-07,7.866667899603444e-08,3.096884977380988e-07,3.705390646504068e-08,0.0,0.0,1.4614673292321377e-07,0.0,6.184582556195974e-08,0.0,0.0,0.0,2.7908576992475558e-08,6.963418940416019e-08,1.2354985238700452e-07,0.0,0.0,3.941202155127342e-07,1.6330818872702867e-07,0.0,1.1271270938368266e-08,0.0,0.0,0.0,4.689997550442972e-08,4.17508975458708e-08,0.0,0.0,0.0,0.0,2.6313032596667764e-07,0.0,0.0,8.949626637614401e-08,1.6145944921619505e-07,1.1372271860175309e-07,0.0,4.276734349466512e-08,3.692166323052339e-08,0.0,7.295420127136264e-08,0.0,0.0,0.0,9.853958772685628e-09,0.0,2.5116180624871365e-08,5.508465021532395e-09,0.0,0.0,3.9970969968083194e-08,7.324202234706525e-07,0.0,0.0,0.0,8.482561345028033e-08,5.903031956849047e-07,0.0,2.919320363446138e-09,2.8833090477484397e-08,0.0,2.2687872496927175e-07,2.349189459429659e-09,0.0,0.0,0.0,0.0,0.0,0.0,0.0,0.0,0.0,9.040000519739609e-08,0.0,0.0,0.0,0.0,0.0
AVGO,2.9124901130643277e-08,0.0,0.0,0.0,0.0,0.0,0.0,0.0,0.0,2.401815526848884e-07,3.5330948655038706e-08,0.0,2.818504432464049e-07,0.0,1.6177303321341044e-07,0.0,0.0,7.656194964430229e-10,0.0,0.0,0.0,0.0,6.342320544301581e-09,0.0,0.0,0.0,0.0,3.514636988734188e-08,0.0,0.0,0.0,0.0,1.481137575193811e-07,1.0640229016379675e-08,6.977547886627236e-08,0.0,0.0,0.0,0.0,1.8925025675066757e-08,5.659311371973801e-08,0.0,0.0,0.0,0.0,0.0,0.0,0.0,0.0,1.425878155350623e-08,1.4931670340248895e-07,9.642139435632046e-08,4.7708056851641036e-08,0.0,4.6134445385333976e-08,2.3201666965649034e-09,0.0,0.0,0.0,0.0,0.0,0.0,1.1837447692110016e-08,0.0,2.2348973008484596e-07,1.3008592614837533e-07,2.3894332128173557e-07,3.829533778015723e-08,0.0,0.0,1.1505523699566439e-07,0.0,4.0314617377342915e-08,0.0,0.0,0.0,3.0677810186001114e-08,1.6899917169082398e-07,4.534975144640916e-08,0.0,0.0,8.460514379563174e-07,8.772945975329625e-08,0.0,2.1991867573726027e-08,0.0,0.0,0.0,6.640756391021262e-08,4.5571381623566595e-08,0.0,0.0,0.0,0.0,2.6480597305744975e-07,0.0,0.0,5.5645650287103765e-08,4.040995793090149e-07,9.401037456617486e-08,0.0,3.4963292774038434e-08,4.964726561582835e-08,0.0,1.0329667404080184e-07,0.0,0.0,0.0,4.163301642716478e-08,0.0,2.3128006773078156e-07,5.748271515375355e-09,0.0,0.0,2.6706666637315492e-08,6.100582286840628e-07,0.0,0.0,0.0,4.7743649042210694e-08,9.279841383559342e-08,0.0,3.025110815491518e-09,2.8825458257352984e-08,0.0,2.352306896860863e-07,9.259201503348024e-10,9.869921854450617e-11,0.0,0.0,0.0,0.0,0.0,0.0,0.0,0.0,1.2120441425619462e-07,0.0,0.0,0.0,0.0,0.0
TSM,2.1854196227002264e-08,0.0,0.0,0.0,0.0,0.0,0.0,0.0,0.0,2.96728741877682e-07,4.931463837272769e-08,0.0,2.9027549239961483e-07,0.0,1.3088297869625748e-07,0.0,0.0,3.260500876834798e-10,0.0,0.0,0.0,0.0,1.0697745064818596e-08,0.0,0.0,0.0,0.0,3.8161998351138316e-08,0.0,0.0,0.0,0.0,9.223645894148148e-08,4.73869213169023e-09,1.6076989014177884e-07,0.0,0.0,0.0,0.0,2.7255959063836854e-09,5.7060852641996224e-08,0.0,0.0,0.0,0.0,0.0,0.0,0.0,0.0,2.351944307528303e-08,2.3836573126083835e-07,8.56147182387537e-08,5.5343549283462045e-08,0.0,3.925957233782114e-08,7.347846960208337e-09,0.0,0.0,0.0,0.0,0.0,0.0,1.0424921484946986e-08,0.0,2.5171421538337856e-07,1.041348736818152e-07,1.2005850869119817e-07,3.0706291469372906e-08,0.0,0.0,1.5971361571902512e-07,0.0,2.7809957031527028e-08,0.0,0.0,0.0,2.2643590572740825e-08,2.0081077268172804e-07,7.686458191257422e-08,0.0,0.0,8.689337418800964e-07,8.701547474769733e-08,0.0,8.485291946149303e-09,0.0,0.0,0.0,7.014470576247017e-08,5.574502992898435e-08,0.0,0.0,0.0,0.0,1.5072341364964977e-07,0.0,0.0,8.709428284443695e-08,7.299280695164874e-07,5.309604143599781e-08,0.0,4.303588938632627e-08,4.250363693858523e-08,0.0,7.230996235289068e-08,0.0,0.0,0.0,5.405452424152172e-09,0.0,4.6271830006512014e-08,4.326679190193939e-09,0.0,0.0,9.606685402716408e-08,2.457214320633604e-07,0.0,0.0,0.0,4.705700626436041e-07,1.2784894795247806e-07,0.0,6.8980881010150754e-09,1.1434949767559523e-08,0.0,2.0270507423183585e-07,1.7409192176938207e-09,0.0,0.0,0.0,0.0,0.0,0.0,7.414080942681056e-11,0.0,0.0,1.5336804681562534e-07,0.0,0.0,0.0,0.0,0.0
FCX,2.5242303550310423e-08,0.0,0.0,0.0,0.0,0.0,0.0,0.0,0.0,4.720329147172493e-07,1.1389982154472631e-07,0.0,2.575990334121014e-07,0.0,1.6475493659912544e-07,0.0,0.0,1.8252960201442282e-09,0.0,0.0,0.0,0.0,6.8117647469853075e-09,0.0,0.0,0.0,0.0,3.295055122330383e-07,0.0,0.0,0.0,0.0,6.176288089281372e-08,5.005732836782031e-08,4.2320684787468006e-08,0.0,0.0,0.0,0.0,2.3937605771112362e-09,5.7622349994196895e-08,0.0,0.0,0.0,0.0,0.0,0.0,0.0,0.0,6.705159427650036e-08,1.65522103837976e-07,2.219167868658126e-07,7.36904573267033e-08,0.0,6.257931416123315e-08,6.720688503098614e-09,0.0,0.0,0.0,0.0,0.0,0.0,2.0500081092778074e-08,0.0,5.682733811025801e-07,8.209622899457986e-08,1.4297227452273453e-07,2.502899986545484e-08,0.0,0.0,1.323260975765136e-07,0.0,2.0303036332305504e-07,0.0,0.0,0.0,1.078525863462357e-07,1.4864481603088424e-07,9.403612600020035e-08,0.0,0.0,3.226163251688099e-07,2.919432588085743e-07,0.0,1.4468695620489084e-08,0.0,0.0,0.0,5.6382951468291896e-08,3.573294690793223e-08,0.0,0.0,0.0,0.0,3.445092475702537e-07,0.0,0.0,5.959214688946494e-08,2.39360184683364e-07,1.212190224914699e-07,0.0,1.4415349396944945e-07,2.2559835373778165e-08,0.0,7.467963656665977e-08,0.0,0.0,0.0,2.741102448377894e-08,0.0,2.8863830098300776e-08,4.463839059559673e-09,0.0,0.0,2.0299535213109817e-08,8.967616930968561e-07,0.0,0.0,0.0,1.476550075043127e-07,1.3113399767370918e-07,0.0,5.590013820676734e-09,1.1180510505945664e-07,0.0,3.616480517396219e-07,1.491809116498117e-09,0.0,0.0,0.0,0.0,0.0,0.0,0.0,0.0,0.0,1.289420850716741e-07,0.0,0.0,0.0,0.0,0.0
UBER,2.166751702425812e-08,0.0,0.0,0.0,0.0,0.0,0.0,0.0,0.0,1.571961786599573e-07,5.8014337902313015e-08,0.0,3.7879692618992617e-07,0.0,1.2616475116540276e-07,0.0,0.0,0.0,0.0,0.0,0.0,0.0,1.2017048050158611e-08,0.0,0.0,0.0,0.0,3.213805717708188e-08,0.0,0.0,0.0,0.0,9.787918494271933e-08,8.495667753166947e-09,6.209779038216586e-08,0.0,0.0,0.0,0.0,3.513677738874612e-09,5.2658626652665086e-08,0.0,0.0,0.0,0.0,0.0,0.0,0.0,0.0,5.7353650637701823e-08,3.0450334826687343e-07,4.6690121557922156e-07,4.7960241064954425e-08,0.0,7.911089567600178e-08,7.86685960331858e-09,0.0,0.0,0.0,0.0,0.0,0.0,1.0984648490844546e-08,0.0,7.259345059431779e-07,1.3391730501344979e-07,2.6990548107878876e-07,2.0076352779301852e-07,0.0,0.0,1.8129135869740715e-07,0.0,6.204207577673224e-08,0.0,0.0,0.0,1.1975075430610135e-07,8.250854831203656e-08,5.7938769296551684e-08,0.0,0.0,3.188768501541423e-07,1.2713112178144765e-07,0.0,8.602108204165334e-09,0.0,0.0,0.0,7.101208084385243e-08,5.3606948987289707e-08,0.0,0.0,0.0,0.0,1.7796847074460957e-07,0.0,0.0,6.097761222658583e-08,1.9211142343081286e-07,8.812143984190354e-08,0.0,4.000687481510982e-08,2.5437542493581115e-08,0.0,7.98360052830638e-08,0.0,0.0,0.0,5.830913514780199e-09,0.0,1.1118098324227442e-07,1.0459934679536381e-07,0.0,0.0,3.133240183792332e-08,8.305316205107927e-07,0.0,0.0,0.0,4.72069376406751e-08,1.0252178336454181e-07,0.0,2.06897697019416e-09,8.733426637115454e-08,0.0,3.600509870122112e-07,1.2305626556230468e-09,0.0,0.0,0.0,0.0,0.0,0.0,0.0,0.0,0.0,1.1570668367169e-07,0.0,0.0,0.0,0.0,0.0
SCCO,3.451724029983053e-08,0.0,0.0,0.0,0.0,0.0,0.0,0.0,0.0,4.934292371247921e-07,3.81903700821499e-08,0.0,1.4935236942604875e-07,0.0,1.31593541690006e-07,0.0,0.0,1.9900079152081966e-09,0.0,0.0,0.0,0.0,9.600329527002516e-09,0.0,0.0,0.0,0.0,3.6063106606844504e-08,0.0,0.0,0.0,0.0,8.393093201449635e-08,1.3561555178728096e-08,9.250274675778914e-08,0.0,0.0,0.0,0.0,2.8461942555494544e-09,4.9935446888441404e-08,0.0,0.0,0.0,0.0,0.0,0.0,0.0,0.0,1.9809030309293192e-08,2.437888235047244e-07,1.0339437487553866e-07,7.730906672505791e-08,0.0,1.1684202169448281e-07,8.008754830149107e-09,0.0,0.0,0.0,0.0,0.0,0.0,1.6645661702310437e-08,0.0,5.605622135128402e-07,1.0934436450398603e-07,1.254511462765647e-07,2.372888810200353e-08,0.0,0.0,6.978218069700561e-08,0.0,6.721755102674878e-08,0.0,0.0,0.0,2.4328957704622077e-08,8.12489380347611e-08,4.0163442195139506e-08,0.0,0.0,3.7617115667332827e-07,1.3469965380140222e-07,0.0,7.355373758556177e-09,0.0,0.0,0.0,4.627565756567731e-08,4.7741314060674755e-08,0.0,0.0,0.0,0.0,1.8363921208313003e-07,0.0,0.0,6.588390505392632e-08,9.849595642076507e-07,1.0769940024739643e-07,0.0,4.57390178790373e-08,4.4340634909822284e-08,0.0,1.0759227259023636e-07,0.0,0.0,0.0,5.123516227408626e-09,0.0,2.5157018337220384e-08,6.663413555596966e-09,0.0,0.0,2.599488597406157e-07,7.319002309480858e-07,0.0,0.0,0.0,5.3304653050694305e-08,1.2162710133134397e-07,0.0,3.109728132084877e-09,3.0360312123327734e-08,0.0,3.714248212299374e-07,8.498215282320951e-10,0.0,0.0,0.0,0.0,0.0,0.0,0.0,0.0,0.0,3.436901059806664e-07,0.0,0.0,0.0,0.0,0.0
ADP,2.4711014848158075e-08,0.0,0.0,0.0,0.0,0.0,0.0,0.0,0.0,2.523951332458702e-07,3.600801498737177e-08,0.0,4.19477785339017e-07,0.0,1.5002021611488528e-07,0.0,0.0,2.4143527329871543e-09,0.0,0.0,0.0,0.0,7.727041304437273e-09,0.0,0.0,0.0,0.0,3.028631220380525e-08,0.0,0.0,0.0,0.0,9.403653543321715e-08,1.2422512294497267e-08,2.3771468905149192e-07,0.0,0.0,0.0,0.0,3.4332991848143353e-09,3.618456988261026e-08,0.0,0.0,0.0,0.0,0.0,0.0,0.0,0.0,2.5549278959240274e-08,3.5271227607573526e-07,1.0824570941767043e-07,7.409474263063226e-08,0.0,3.3196192059823565e-08,7.137732271401455e-09,0.0,0.0,0.0,0.0,0.0,0.0,7.181363403250063e-09,0.0,4.2435706845270886e-07,7.215355764569408e-08,1.31689137058138e-07,6.277979861196833e-07,0.0,0.0,7.928802979948463e-08,0.0,3.301490422882128e-08,0.0,0.0,0.0,2.8022568698985538e-08,8.209162958340393e-08,1.1947775980161425e-07,0.0,0.0,3.667580408526779e-07,1.2126553899555249e-07,0.0,9.737553939074852e-09,0.0,0.0,0.0,5.034720241757392e-07,1.746209219774768e-07,0.0,0.0,0.0,0.0,2.0589544766976207e-07,0.0,0.0,8.344394865909403e-08,1.665991976048755e-07,6.947248495067709e-08,0.0,3.9309910823209984e-08,3.3125973185447524e-08,0.0,1.8859573976357567e-07,0.0,0.0,0.0,1.0851229821525924e-08,0.0,3.097160701532499e-08,4.787442972805041e-09,0.0,0.0,2.612079021386405e-08,6.288667105380242e-07,0.0,0.0,0.0,4.808748194308839e-08,3.705578206540109e-07,0.0,7.2890724646975055e-09,2.5975848818706155e-08,0.0,2.611568004093267e-07,1.232154081019302e-09,0.0,0.0,0.0,0.0,0.0,0.0,0.0,0.0,0.0,8.941820845416011e-08,0.0,0.0,0.0,0.0,0.0
NU,3.795645349891447e-08,0.0,0.0,0.0,0.0,0.0,0.0,0.0,0.0,2.1489874233757745e-07,1.121282687950446e-07,0.0,1.6852279268241084e-07,0.0,4.709617866953673e-07,0.0,0.0,3.436716577454561e-09,0.0,0.0,0.0,0.0,8.387372758978365e-09,0.0,0.0,0.0,0.0,3.281382977714433e-08,0.0,0.0,0.0,0.0,8.824864217871937e-07,1.0272431733992739e-08,5.1182656540094126e-08,0.0,0.0,0.0,0.0,1.7221253969682958e-08,7.806860320747384e-08,0.0,0.0,0.0,0.0,0.0,0.0,0.0,0.0,4.0393877701555047e-08,1.2573932659894584e-07,1.0955297702320617e-07,5.6366399483333876e-08,0.0,4.379796644918144e-08,4.538967144923616e-09,0.0,0.0,0.0,0.0,0.0,0.0,1.0936711760536168e-07,0.0,4.5852636936102384e-07,1.5634328893475112e-07,2.836253922396039e-07,3.407596443107705e-08,0.0,0.0,5.636338656872034e-08,0.0,5.535329715938351e-08,0.0,0.0,0.0,2.115839030903371e-08,1.0020550805527683e-07,6.523486200866364e-08,0.0,0.0,4.863235552876346e-07,1.619117511407861e-07,0.0,2.8655129305212294e-08,0.0,0.0,0.0,5.5405857006136467e-08,4.632139554237809e-08,0.0,0.0,0.0,0.0,2.3305666512402502e-07,0.0,0.0,5.136982286650485e-08,2.3158271051096484e-07,2.3158109399931685e-07,0.0,3.012546540463546e-08,8.462699652512621e-08,0.0,1.0479728616284816e-07,0.0,0.0,0.0,4.230305791924996e-09,0.0,2.438831137655821e-07,6.795947000749543e-09,0.0,0.0,3.867903844733226e-08,4.1506082280976787e-07,0.0,0.0,0.0,2.395681201803713e-07,6.902519793929311e-08,0.0,2.3409412240721585e-09,9.613547882492356e-09,0.0,3.538767993508949e-07,1.9995319968892813e-09,0.0,0.0,0.0,0.0,0.0,0.0,8.279018315686675e-11,0.0,0.0,1.3382289866906396e-07,0.0,0.0,0.0,0.0,0.0
CMCSA,2.3855809953024844e-08,0.0,0.0,0.0,0.0,0.0,0.0,0.0,0.0,2.2264416461732196e-07,4.135449625037202e-08,0.0,1.438563967148697e-07,0.0,1.670188559104991e-07,0.0,0.0,2.1893814756616574e-09,0.0,0.0,0.0,0.0,1.0856665203258834e-08,0.0,0.0,0.0,0.0,4.719884851991126e-08,0.0,0.0,0.0,0.0,4.998414991028678e-08,3.2878665166652364e-08,8.8552983846975e-08,0.0,0.0,0.0,0.0,2.2769987328733233e-08,5.929153691883154e-08,0.0,0.0,0.0,0.0,0.0,0.0,0.0,0.0,2.580517922387808e-08,3.8081436145553927e-07,1.2272706928777666e-07,4.6512265987809785e-08,0.0,6.013210417309665e-08,9.083447437856018e-09,0.0,0.0,0.0,0.0,0.0,0.0,3.000492879752549e-08,0.0,3.8513197171702494e-07,5.672532190360685e-08,2.0912105268097964e-07,2.475860292383451e-08,0.0,0.0,6.847681197725991e-08,0.0,4.9554018251757674e-08,0.0,0.0,0.0,2.287016355513785e-08,1.4533219491581158e-07,8.504732472071138e-08,0.0,0.0,5.005998159917137e-07,1.3953174589583264e-07,0.0,8.105690997529586e-09,0.0,0.0,0.0,4.4407659350591645e-08,5.988169981131951e-08,0.0,0.0,0.0,0.0,2.0676404094738062e-07,0.0,0.0,7.366795601645321e-08,2.542396977037916e-07,2.2753041501118393e-07,0.0,2.671471237124952e-08,5.3596101002516225e-08,0.0,7.051272476954289e-08,0.0,0.0,0.0,3.728747459694652e-08,0.0,1.971338221175706e-07,4.463177931860271e-09,0.0,0.0,2.148984657213382e-08,7.971673315587282e-07,0.0,0.0,0.0,5.071528606059878e-08,5.7285003973099585e-08,0.0,1.5549519915696038e-09,6.729091848269658e-08,0.0,3.150490237088404e-07,1.0127187259032194e-09,0.0,0.0,0.0,0.0,0.0,0.0,2.057839673227458e-11,0.0,0.0,1.9284680995764743e-07,0.0,0.0,0.0,0.0,0.0
